Rank,University,Country,P,MCS,MNCS,PP(top 10%)
1,Rockefeller Univ,United States,1033,20.85,2.37,29.1
2,MIT,United States,9149,13.76,2.05,25.2
3,Harvard Univ,United States,29693,12.98,1.88,23.0
4,Univ Calif - Berkeley,United States,11384,11.92,1.90,22.5
5,Stanford Univ,United States,13399,11.72,1.86,22.3
6,Caltech,United States,5072,12.05,1.96,22.2
7,Princeton Univ,United States,5017,10.55,1.91,21.9
8,Univ Calif - Santa Barbara,United States,4246,11.11,1.83,21.2
9,Univ Calif - San Francisco,United States,9990,11.83,1.64,20.2
10,Yale Univ,United States,9775,10.65,1.65,20.0
11,Rice Univ,United States,2324,11.28,1.62,19.2
12,Univ Calif - Santa Cruz,United States,1945,9.83,1.60,18.9
13,Northwestern Univ,United States,9306,9.98,1.60,18.8
14,Univ Calif - San Diego,United States,11300,10.32,1.61,18.7
15,Univ Colorado - Boulder,United States,4893,8.74,1.61,18.6
16,Univ Texas - Southwestern Med Ctr,United States,4059,11.93,1.55,18.4
17,Univ Penn,United States,11603,9.95,1.56,18.4
18,Univ Chicago,United States,6818,9.87,1.59,18.4
19,Univ Cambridge,United Kingdom,11778,9.70,1.55,18.4
20,Univ Calif - Los Angeles,United States,13757,9.80,1.57,18.1
21,Ecole Polytech Fed Lausanne,Switzerland,4616,9.44,1.58,17.7
22,Weizmann Inst Sci,Israel,2444,10.72,1.44,17.7
23,London Sch Hyg & Trop Med,United Kingdom,1592,8.38,1.57,17.6
24,Univ Oxford,United Kingdom,12100,9.37,1.55,17.6
25,ETH Zurich,Switzerland,7763,7.91,1.47,17.5
26,Columbia Univ,United States,11520,9.20,1.51,17.4
27,Johns Hopkins Univ,United States,12364,9.77,1.51,17.4
28,Washington Univ - St Louis,United States,8312,10.60,1.53,17.3
29,Duke Univ,United States,10113,9.20,1.47,17.2
30,Univ Massachusetts Med Sch,United States,1969,12.22,1.40,17.2
31,Univ Washington - Seattle,United States,12968,9.20,1.48,17.1
32,Cornell Univ,United States,11130,8.50,1.44,16.9
33,Imperial Coll London,United Kingdom,10063,8.54,1.43,16.8
34,Univ N Carolina - Chapel Hill,United States,8939,9.11,1.43,16.5
35,NYU,United States,7493,8.04,1.42,16.4
36,Icahn Sch Med - Mt Sinai,United States,3492,10.11,1.40,16.3
37,Boston Univ,United States,5963,8.52,1.39,16.1
38,Univ Michigan,United States,15609,8.49,1.40,16.1
39,Univ St Andrews,United Kingdom,2009,8.04,1.41,16.1
40,Boston Coll,United States,1051,7.70,1.38,16.0
41,Univ Coll London,United Kingdom,11434,8.47,1.40,16.0
42,Dartmouth Coll,United States,2424,8.14,1.38,15.9
43,Univ Texas - Austin,United States,8033,8.55,1.43,15.8
44,Emory Univ,United States,6721,8.74,1.33,15.5
45,King's Coll London,United Kingdom,6228,7.97,1.36,15.4
46,Carnegie Mellon Univ,United States,2922,6.74,1.35,15.3
47,Univ Calif - Irvine,United States,6174,7.92,1.37,15.3
48,Univ Massachusetts - Amherst,United States,3255,7.38,1.32,15.2
49,Univ Bristol,United Kingdom,5510,7.14,1.33,15.1
50,Georgia Inst Technol,United States,5997,7.24,1.33,15.1
51,Univ Rochester,United States,4736,8.17,1.31,15.0
52,Queen Mary - Univ London,United Kingdom,2334,7.50,1.31,14.9
53,Leiden Univ,Netherlands,5771,8.38,1.34,14.8
54,Univ Lausanne,Switzerland,3263,8.63,1.36,14.8
55,Univ Southern Calif,United States,7012,7.40,1.28,14.8
56,Univ Geneva,Switzerland,4434,8.37,1.31,14.7
57,École Normale Sup - Paris,France,1036,7.28,1.40,14.6
58,Univ Exeter,United Kingdom,2164,6.31,1.30,14.6
59,Univ Calif - Riverside,United States,2921,8.59,1.36,14.6
60,Univ Wisconsin - Madison,United States,11501,7.64,1.32,14.5
61,Baylor Coll Med,United States,4815,9.18,1.32,14.5
62,Univ Edinburgh,United Kingdom,6463,7.86,1.30,14.5
63,Univ Basel,Switzerland,3829,7.90,1.26,14.5
64,VU Univ Amsterdam,Netherlands,6495,7.18,1.30,14.4
65,Univ Dundee,United Kingdom,1905,9.36,1.32,14.4
66,Univ Pittsburgh,United States,10902,7.79,1.26,14.4
67,Univ Zurich,Switzerland,6818,7.60,1.26,14.4
68,Univ Illinois - Urbana-Champaign,United States,9140,7.06,1.30,14.3
69,Vanderbilt Univ,United States,7194,7.62,1.26,14.3
70,Tufts Univ,United States,3451,7.93,1.27,14.2
71,Tech Univ München,Germany,5733,7.37,1.29,14.2
72,Univ Calif - Davis,United States,10318,6.99,1.28,14.1
73,Tech Univ Denmark,Denmark,4180,7.26,1.32,14.1
74,Case Western Reserve Univ,United States,5046,8.34,1.27,14.1
75,Univ Maryland - College Park,United States,6195,7.19,1.34,14.1
76,Oregon Hlth & Sci Univ,United States,3355,8.05,1.30,14.0
77,Utrecht Univ,Netherlands,8545,8.17,1.41,14.0
78,Univ York,United Kingdom,2567,6.85,1.30,14.0
79,Univ Aberdeen,United Kingdom,2643,6.49,1.23,14.0
80,Univ Dublin Trinity Coll,Ireland,2788,8.23,1.25,14.0
81,Univ Amsterdam,Netherlands,7037,6.92,1.27,14.0
82,Brown Univ,United States,4505,7.37,1.30,13.9
83,Univ Warwick,United Kingdom,3249,5.99,1.23,13.9
84,Univ Oregon,United States,1485,6.82,1.28,13.9
85,Erasmus Univ Rotterdam,Netherlands,6346,7.45,1.26,13.9
86,Paris Descartes Univ,France,3482,8.08,1.23,13.8
87,Univ Toronto,Canada,19083,7.61,1.25,13.8
88,Yeshiva Univ,United States,3305,9.15,1.24,13.8
89,Univ Minnesota - Twin Cities,United States,11403,7.34,1.27,13.8
90,Univ Plymouth,United Kingdom,1258,5.19,1.16,13.6
91,Paris Diderot Univ,France,3793,7.30,1.27,13.5
92,Univ E Anglia,United Kingdom,1938,6.33,1.21,13.5
93,Wageningen Univ & Res Ctr,Netherlands,4185,6.52,1.25,13.5
94,Eindhoven Univ Technol,Netherlands,3081,6.28,1.26,13.5
95,Univ Colorado - Denver,United States,4852,8.26,1.25,13.5
96,Univ Texas - Hlth Sci Ctr Houston,United States,2549,8.25,1.21,13.5
97,Radboud Univ Nijmegen,Netherlands,5935,7.39,1.21,13.5
98,Nanyang Technol Univ,Singapore,7331,6.75,1.22,13.5
99,Rutgers State Univ - New Brunswick,United States,4558,7.15,1.25,13.4
100,Univ Utah,United States,5969,7.24,1.20,13.4
101,Stony Brook Univ - SUNY,United States,3342,7.01,1.20,13.3
102,Univ Twente,Netherlands,2630,5.70,1.30,13.3
103,Univ Delaware,United States,2874,6.01,1.16,13.3
104,Australian Natl Univ,Australia,4385,5.76,1.24,13.3
105,Univ Virginia,United States,5509,7.26,1.22,13.2
106,Univ Texas - Hlth Sci Ctr San Antonio,United States,2034,8.65,1.20,13.2
107,Univ Freiburg,Germany,4386,7.47,1.19,13.2
108,Durham Univ,United Kingdom,2641,6.93,1.23,13.2
109,Univ British Columbia,Canada,11601,6.70,1.23,13.1
110,Maastricht Univ,Netherlands,3979,6.92,1.22,13.1
111,Ludwig-Maximilians Univ Munich,Germany,7081,7.59,1.20,13.1
112,Natl Univ Singapore,Singapore,10387,7.31,1.19,13.1
113,Northeastern Univ - USA,United States,1717,6.43,1.21,13.1
114,Univ Pierre & Marie Curie,France,7571,7.14,1.22,13.1
115,Katholieke Univ Leuven,Belgium,7851,6.42,1.20,13.0
116,Univ Münster,Germany,4043,7.97,1.25,12.9
117,Univ Glasgow,United Kingdom,4303,6.89,1.24,12.9
118,Univ Leeds,United Kingdom,4858,6.32,1.21,12.9
119,McGill Univ,Canada,9444,7.02,1.20,12.9
120,Univ Groningen,Netherlands,6566,6.88,1.20,12.9
121,Newcastle Univ,United Kingdom,3701,6.79,1.18,12.8
122,Univ Liverpool,United Kingdom,3866,6.42,1.16,12.8
123,Univ Melbourne,Australia,9392,6.78,1.22,12.8
124,Rensselaer Polytech Inst,United States,1654,6.44,1.19,12.7
125,Karolinska Inst,Sweden,6676,7.93,1.19,12.7
126,Univ Notre Dame,United States,2456,6.24,1.22,12.7
127,Univ Bordeaux Segalen,France,1087,7.69,1.16,12.7
128,Univ Copenhagen,Denmark,8749,6.86,1.19,12.7
129,Univ Paris-Sud,France,5449,7.04,1.19,12.7
130,Univ Konstanz,Germany,1292,6.13,1.18,12.7
131,Aarhus Univ,Denmark,5182,6.19,1.16,12.7
132,Indiana Univ - Bloomington,United States,3577,6.43,1.20,12.6
133,Univ Würzburg,Germany,3183,7.86,1.23,12.6
134,Colorado State Univ,United States,3396,6.21,1.15,12.6
135,Univ Nice Sophia Antipolis,France,1523,6.45,1.14,12.6
136,Univ Nottingham,United Kingdom,5715,6.06,1.14,12.6
137,Univ Queensland,Australia,8673,6.46,1.19,12.6
138,Univ Iowa,United States,5213,6.50,1.14,12.5
139,Joseph Fourier Univ,France,4074,6.53,1.18,12.5
140,Stockholm Univ,Sweden,3042,6.72,1.21,12.5
141,Univ Sheffield,United Kingdom,4948,6.05,1.15,12.5
142,Ohio State Univ,United States,10399,6.70,1.15,12.5
143,Univ Texas - Dallas,United States,1523,5.57,1.19,12.4
144,Univ Montpellier II,France,2663,6.52,1.16,12.4
145,Monash Univ,Australia,7172,6.10,1.12,12.4
146,Univ Maryland - Baltimore,United States,3831,7.47,1.17,12.4
147,Georgetown Univ,United States,2095,6.49,1.18,12.4
148,Delft Univ Technol,Netherlands,4087,4.86,1.16,12.3
149,Penn State Univ,United States,9997,6.64,1.20,12.3
150,Karl Franzens Univ Graz,Austria,1173,6.49,1.15,12.2
151,Univ Catholique Louvain,Belgium,2817,6.19,1.13,12.2
152,Univ Regensburg,Germany,2700,7.33,1.13,12.2
153,Univ Bonn,Germany,4349,6.75,1.15,12.2
154,Hong Kong Univ Sci & Technol,China,2826,6.32,1.17,12.2
155,Univ Arizona,United States,6505,6.33,1.14,12.1
156,Univ Southampton,United Kingdom,4964,5.96,1.16,12.1
157,Univ Bordeaux I,France,1799,6.53,1.17,12.1
158,James Cook Univ,Australia,1489,5.37,1.14,12.1
159,Arizona State Univ,United States,5372,6.16,1.24,12.1
160,Univ Bern,Switzerland,4373,6.31,1.15,12.1
161,Univ Manchester,United Kingdom,8438,6.90,1.17,12.1
162,Purdue Univ - Lafayette,United States,7316,5.75,1.12,12.1
163,Fuzhou Univ,China,1138,7.32,1.11,12.1
164,Univ Sussex,United Kingdom,1817,6.08,1.14,12.1
165,Univ Technol Sydney,Australia,1206,4.33,1.13,12.1
166,Univ Göttingen,Germany,4334,6.70,1.15,12.0
167,Univ New Mexico,United States,2769,6.50,1.15,12.0
168,Univ Cincinnati,United States,4631,6.98,1.11,12.0
169,Univ Montpellier I,France,1145,8.06,1.13,12.0
170,Syracuse Univ,United States,1349,4.88,1.10,11.9
171,École Polytech,France,1513,4.74,1.16,11.9
172,Lancaster Univ,United Kingdom,1664,4.94,1.11,11.9
173,Pohang Univ Sci & Technol,South Korea,2959,6.63,1.12,11.9
174,Heidelberg Univ,Germany,6373,7.43,1.12,11.9
175,Univ Coll Cork,Ireland,2089,6.31,1.15,11.9
176,Heinrich Heine Univ Düsseldorf,Germany,2597,6.77,1.12,11.8
177,Univ Hawaii - Manoa,United States,3042,6.05,1.11,11.8
178,Lehigh Univ,United States,1081,5.63,1.20,11.8
179,Univ Birmingham,United Kingdom,5100,5.94,1.11,11.8
180,Univ Rovira & Virgili,Spain,1360,5.49,1.08,11.8
181,Univ Stuttgart,Germany,2214,5.70,1.14,11.8
182,Cardiff Univ,United Kingdom,4288,6.16,1.10,11.7
183,Univ Victoria,Canada,1987,5.23,1.11,11.7
184,Univ Strasbourg,France,3607,8.07,1.16,11.7
185,Univ Ottawa,Canada,4643,6.32,1.13,11.7
186,London Sch Econ & Political Sci,United Kingdom,1408,3.13,1.15,11.7
187,City Univ Hong Kong,China,3490,4.49,1.13,11.6
188,McMaster Univ,Canada,5594,6.26,1.15,11.6
189,Goethe Univ Frankfurt,Germany,3978,7.01,1.10,11.6
190,Texas A&M Univ - College Stn,United States,7964,5.74,1.15,11.6
191,Univ Alabama - Birmingham,United States,4435,7.39,1.11,11.6
192,Freie Univ Berlin,Germany,6753,6.87,1.11,11.6
193,Univ Trento,Italy,1360,4.54,1.09,11.6
194,Univ Albany,United States,1508,5.06,1.03,11.6
195,Univ Idaho,United States,1041,5.02,1.08,11.6
196,Oregon State Univ,United States,3117,5.54,1.12,11.6
197,Univ New S Wales,Australia,7369,5.88,1.11,11.6
198,Nankai Univ,China,3946,7.46,1.06,11.6
199,Wuhan Univ Technol,China,1175,6.82,1.07,11.6
200,Humboldt Univ Berlin,Germany,6416,6.73,1.10,11.5
201,Univ Hull,United Kingdom,1022,5.02,1.05,11.5
202,Med Univ S Carolina,United States,2500,7.02,1.11,11.5
203,Univ Reading,United Kingdom,1913,5.60,1.07,11.5
204,Philipps-Univ Marburg,Germany,2558,6.40,1.06,11.5
205,Natl Univ Ireland - Galway,Ireland,1442,5.63,1.06,11.5
206,Hunan Univ,China,2135,6.32,1.03,11.5
207,Florida State Univ,United States,3380,5.34,1.10,11.5
208,Michigan State Univ,United States,6665,5.58,1.11,11.5
209,Univ New Hampshire,United States,1030,4.80,1.07,11.4
210,Univ Bayreuth,Germany,1557,5.93,1.09,11.4
211,Univ Hamburg,Germany,4005,6.03,1.10,11.4
212,Univ Sci & Technol China,China,5458,6.43,1.06,11.4
213,Hebrew Univ Jerusalem,Israel,4672,6.55,1.08,11.4
214,Thomas Jefferson Univ,United States,2101,7.42,1.12,11.3
215,Kiel Univ,Germany,3247,6.07,1.09,11.3
216,Univ Barcelona,Spain,5517,6.56,1.12,11.3
217,Univ Libre Bruxelles,Belgium,2480,6.17,1.08,11.3
218,Univ Leicester,United Kingdom,2398,6.55,1.10,11.3
219,Univ Adelaide,Australia,3813,5.46,1.06,11.3
220,Univ Hong Kong,China,5930,6.00,1.08,11.3
221,Univ S Carolina,United States,2846,5.73,1.07,11.3
222,Johannes Gutenberg Univ Mainz,Germany,3311,6.43,1.07,11.2
223,Univ Ulm,Germany,2432,7.39,1.11,11.2
224,Med Univ Wien,Austria,3315,6.79,1.06,11.2
225,Univ Cologne,Germany,3139,6.64,1.10,11.2
226,Rush Univ,United States,1499,6.40,1.08,11.2
227,Univ Miami - Miami,United States,4737,6.61,1.10,11.2
228,Univ Calgary,Canada,5736,5.85,1.08,11.2
229,Friedrich-Alexander-Univ Erlangen-Nürnberg,Germany,4811,6.37,1.11,11.1
230,Univ Gothenburg,Sweden,4023,5.89,1.07,11.1
231,San Diego State Univ,United States,1415,5.45,1.00,11.1
232,RWTH Aachen Univ,Germany,4356,5.90,1.08,11.1
233,Karlsruhe Inst Technol,Germany,3769,5.29,1.09,11.1
234,Brunel Univ,United Kingdom,1193,3.92,1.12,11.0
235,Univ Sherbrooke,Canada,1705,5.76,1.05,11.0
236,Univ Texas - Med Branch,United States,1785,7.00,1.02,11.0
237,Univ Southern Denmark,Denmark,2178,6.12,1.05,11.0
238,Univ Cape Town,South Africa,2333,5.43,1.06,11.0
239,Tech Univ Berlin,Germany,2285,4.75,1.06,11.0
240,Wake Forest Univ,United States,2793,6.45,1.05,11.0
241,Univ Bath,United Kingdom,2109,5.63,1.09,11.0
242,Univ Vienna,Austria,3226,5.32,1.07,11.0
243,Univ Québec Montréal,Canada,1227,4.75,1.09,11.0
244,Ghent Univ,Belgium,7050,5.71,1.10,10.9
245,Univ Newcastle,Australia,2094,4.88,1.02,10.9
246,Univ Antwerp,Belgium,2436,5.47,1.03,10.9
247,Tulane Univ,United States,1919,6.10,1.00,10.9
248,Univ Claude Bernard Lyon I,France,4418,6.19,1.09,10.9
249,Univ Otago,New Zealand,3368,5.24,1.06,10.9
250,Univ Sydney,Australia,9720,5.57,1.07,10.9
251,Virginia Commonwealth Univ,United States,3228,6.50,1.07,10.8
252,Univ Tilburg,Netherlands,1157,3.77,1.04,10.7
253,Georgia Hlth Sci Univ,United States,1268,6.83,1.03,10.7
254,Univ Tennessee - Knoxville,United States,4664,5.44,1.04,10.7
255,Grenoble INP,France,1046,4.99,1.01,10.7
256,Univ Paris-Est Créteil Val de Marne,France,1549,4.73,1.04,10.7
257,Iowa State Univ,United States,4820,5.90,1.08,10.6
258,Innsbruck Med Univ,Austria,1553,6.68,1.00,10.6
259,Univ Connecticut,United States,4992,5.65,1.01,10.6
260,Univ Cent Florida,United States,2365,5.36,1.04,10.6
261,Chinese Univ Hong Kong,China,5172,5.53,1.03,10.6
262,Univ Lübeck,Germany,1554,6.53,1.05,10.6
263,Univ Bourgogne,France,1445,5.32,1.03,10.6
264,Tsinghua Univ,China,9713,5.87,1.03,10.6
265,Lund Univ,Sweden,6041,5.85,1.03,10.6
266,Ruhr-Univ Bochum,Germany,3425,5.79,1.06,10.5
267,Simon Fraser Univ,Canada,2525,4.73,1.06,10.5
268,Univ Georgia,United States,4679,5.47,1.01,10.5
269,Univ Helsinki,Finland,6318,6.21,1.09,10.5
270,E China Univ Sci & Technol,China,3554,6.41,1.00,10.5
271,Leopold Franzens Univ Innsbruck,Austria,1566,5.51,1.07,10.5
272,Univ Auckland,New Zealand,3882,5.58,1.11,10.5
273,Univ Nebraska - Lincoln,United States,2880,4.78,1.01,10.5
274,Paul Sabatier Univ,France,4514,6.04,1.05,10.5
275,Aalborg Univ,Denmark,1348,4.25,1.01,10.5
276,Univ Waterloo,Canada,4754,4.70,1.04,10.5
277,Tech Univ Dresden,Germany,3673,6.05,1.06,10.5
278,Univ Arkansas Med Sci - Little Rock,United States,1382,6.07,1.02,10.4
279,Univ Duisburg-Essen,Germany,2799,6.28,1.08,10.4
280,Univ Potsdam,Germany,1251,4.86,0.99,10.4
281,Friedrich-Schiller-Univ Jena,Germany,3384,5.79,1.05,10.4
282,Vienna Univ Technol,Austria,2092,4.28,1.03,10.4
283,Korea Adv Inst Sci & Technol,South Korea,4791,5.78,1.02,10.3
284,Deakin Univ,Australia,1650,4.70,1.02,10.3
285,Univ Montréal,Canada,6669,5.75,1.03,10.3
286,Univ Buffalo - SUNY,United States,4086,5.57,1.00,10.3
287,Hannover Med Sch,Germany,2408,6.71,1.01,10.3
288,Aix-Marseille Univ,France,5094,6.44,1.09,10.3
289,Univ Kentucky,United States,4851,5.69,0.98,10.3
290,Univ Florida,United States,11022,5.86,1.04,10.2
291,Wayne State Univ,United States,3860,6.14,1.00,10.2
292,Queen's Univ Belfast,United Kingdom,2773,5.40,1.04,10.2
293,Xiamen Univ,China,3419,6.18,0.97,10.2
294,Univ Verona,Italy,1361,5.82,0.97,10.2
295,Gottfried Wilhelm Leibniz Univ Hannover,Germany,1776,4.80,0.98,10.2
296,Macquarie Univ,Australia,1898,4.73,1.02,10.2
297,Uppsala Univ,Sweden,5239,6.20,1.06,10.2
298,Univ Coll Dublin,Ireland,3265,5.62,1.02,10.1
299,Univ Houston - Houston,United States,2366,5.38,1.02,10.1
300,Univ Nevada - Reno,United States,1333,5.64,1.01,10.1
301,Laval Univ,Canada,3797,6.07,1.02,10.1
302,Montana State Univ,United States,1093,5.14,0.98,10.1
303,Univ Rennes I,France,2179,5.26,0.99,10.1
304,Lille Univ Sci & Technol,France,1276,4.01,0.96,10.1
305,Univ Med & Dent New Jersey,United States,2748,7.46,1.01,10.1
306,Ewha Womans Univ,South Korea,1661,6.58,1.03,10.1
307,Utah State Univ,United States,1611,3.99,0.94,10.0
308,Hong Kong Polytech Univ,China,4250,4.22,1.02,10.0
309,Indiana Univ - Purdue Univ Indianapolis,United States,4143,6.74,1.01,10.0
310,Chalmers Univ Technol,Sweden,2173,4.75,0.98,10.0
311,Univ S Florida - Tampa,United States,3764,6.30,1.05,10.0
312,Univ Illinois - Chicago,United States,5224,5.75,1.02,10.0
313,S China Univ Technol,China,3543,5.47,1.00,10.0
314,Univ Wollongong,Australia,2012,5.43,0.94,10.0
315,Med Coll Wisconsin,United States,2223,6.38,1.06,10.0
316,Univ Tübingen,Germany,4455,6.47,1.01,10.0
317,Univ Oslo,Norway,5948,5.58,1.02,9.9
318,Univ Tromsø,Norway,1473,5.65,0.99,9.9
319,Ernst Moritz Arndt Univ Greifswald,Germany,1291,5.34,0.99,9.9
320,Univ Wisconsin - Milwaukee,United States,1484,4.66,0.94,9.9
321,Lanzhou Univ,China,3585,5.79,0.96,9.9
322,Univ Manitoba,Canada,3432,5.15,0.97,9.9
323,Kent State Univ,United States,1089,4.77,1.05,9.9
324,Queen's Univ,Canada,3494,5.26,1.00,9.9
325,Univ Missouri - Columbia,United States,4210,5.27,0.97,9.8
326,Univ Western Australia,Australia,4509,5.25,1.02,9.8
327,N Carolina State Univ,United States,5126,5.01,0.99,9.8
328,George Washington Univ,United States,2431,4.56,1.00,9.8
329,Univ Liège,Belgium,2591,5.53,1.01,9.8
330,Univ Alberta,Canada,8904,5.37,1.00,9.8
331,Norwegian Univ Sci & Technol,Norway,3659,4.48,0.99,9.8
332,Univ Oklahoma,United States,3570,5.19,0.95,9.8
333,Univ Crete,Greece,1395,6.11,0.99,9.8
334,Univ Vermont,United States,1881,5.68,1.00,9.8
335,Donghua Univ,China,1439,4.90,0.95,9.8
336,Univ Bielefeld,Germany,1458,4.75,0.98,9.7
337,Umeå Univ,Sweden,2517,5.63,0.99,9.7
338,Univ Wyoming,United States,1269,5.25,0.97,9.7
339,Tech Univ Darmstadt,Germany,2119,4.38,1.01,9.7
340,Univ Milan,Italy,5367,5.99,0.97,9.7
341,Univ Perugia,Italy,1924,5.09,0.94,9.7
342,Univ Tokyo,Japan,14339,6.26,0.99,9.7
343,Univ Western Sydney,Australia,1075,3.75,0.96,9.7
344,Univ Milan Bicocca,Italy,1799,5.22,0.95,9.7
345,Saarland Univ,Germany,1999,5.21,0.98,9.7
346,Univ Kent,United Kingdom,1101,4.01,0.97,9.6
347,George Mason Univ,United States,1621,4.16,0.98,9.6
348,Aalto Univ,Finland,2443,4.56,1.03,9.6
349,N E Normal Univ,China,1595,5.93,0.91,9.6
350,Dalhousie Univ,Canada,3206,5.37,0.98,9.6
351,Fudan Univ,China,8183,6.30,0.98,9.6
352,York Univ,Canada,1986,4.53,0.94,9.6
353,St Louis Univ,United States,1430,5.77,0.97,9.5
354,Temple Univ,United States,2442,5.56,0.98,9.5
355,Beijing Univ Posts & Telecom,China,1027,2.25,0.87,9.5
356,Univ Ferrara,Italy,1362,5.53,0.96,9.5
357,Vrije Univ Brussel,Belgium,2018,5.16,0.97,9.5
358,Xidian Univ,China,1737,2.41,0.96,9.5
359,Peking Univ,China,9534,5.93,0.96,9.5
360,Cranfield Univ,United Kingdom,1144,4.17,0.98,9.5
361,Univ Trieste,Italy,1157,5.88,0.98,9.5
362,Open Univ,United Kingdom,1041,3.75,1.02,9.5
363,KTH Royal Inst Technol,Sweden,3510,4.62,0.97,9.5
364,Univ Kansas,United States,4058,5.80,0.97,9.5
365,Hong Kong Baptist Univ,China,1142,5.33,1.07,9.5
366,Swed Univ Agr Sci,Sweden,2178,4.55,0.99,9.4
367,Univ Tasmania,Australia,1548,4.86,0.96,9.4
368,Leipzig Univ,Germany,2881,5.75,0.98,9.4
369,Politecnico Milano,Italy,2817,3.85,0.98,9.4
370,Univ Louisville,United States,2527,6.35,0.97,9.4
371,Univ Pavia,Italy,2039,5.21,0.98,9.4
372,Dalian Univ Technol,China,4570,4.57,0.95,9.4
373,Univ S Australia,Australia,1596,4.52,1.01,9.3
374,Western Univ,Canada,5825,4.98,0.94,9.3
375,Univ Florence,Italy,3901,5.56,0.95,9.3
376,Polytech Montréal,Canada,1224,3.65,0.93,9.3
377,Univ Bergen,Norway,3079,5.08,0.98,9.3
378,Curtin Univ,Australia,2042,4.09,0.95,9.3
379,Univ Minho,Portugal,1628,5.78,0.97,9.3
380,Washington State Univ,United States,3238,4.96,0.97,9.3
381,Univ Strathclyde Glasgow,United Kingdom,2199,4.43,0.94,9.3
382,Univ Brescia,Italy,1164,5.25,0.96,9.3
383,Univ Politècnica València,Spain,2955,4.51,0.96,9.3
384,Univ Turku,Finland,2330,5.32,0.95,9.3
385,Virginia Tech,United States,4628,4.53,0.95,9.3
386,Tech Univ Braunschweig,Germany,1346,5.19,1.00,9.2
387,Univ Akron,United States,1065,4.78,0.95,9.2
388,E China Normal Univ,China,2236,5.09,0.96,9.2
389,Nanjing Univ Sci & Technol,China,1566,4.28,0.95,9.2
390,Linköping Univ,Sweden,2609,5.03,0.97,9.2
391,Heriot-Watt Univ Edinburgh,United Kingdom,1139,4.19,0.98,9.2
392,Nanjing Univ,China,6502,5.74,0.92,9.1
393,Beijing Inst Technol,China,2008,3.90,0.88,9.1
394,Univ Autonoma Madrid,Spain,3231,5.87,0.97,9.1
395,Univ Córdoba,Spain,1329,5.09,0.90,9.1
396,Drexel Univ,United States,2359,5.32,0.96,9.1
397,Univ Autonoma Barcelona,Spain,4510,5.03,0.96,9.1
398,Politech Univ Turin,Italy,2314,3.34,0.93,9.1
399,Univ Surrey,United Kingdom,1640,4.17,0.95,9.1
400,Carlos III Univ Madrid,Spain,1204,2.37,0.88,9.0
401,Univ Vigo,Spain,1781,5.10,0.94,9.0
402,Univ Eastern Finland,Finland,1987,5.74,0.93,9.0
403,Giessen Univ,Germany,2257,5.50,0.94,9.0
404,Univ Nova Lisboa,Portugal,1693,5.00,0.95,8.9
405,Univ Rostock,Germany,2026,5.53,0.90,8.9
406,Clemson Univ,United States,2211,4.49,0.90,8.9
407,Technion - Israel Inst Technol,Israel,4469,4.89,0.94,8.9
408,Univ Salerno,Italy,1305,4.11,1.01,8.9
409,Beijing Univ Chem Technol,China,2082,5.28,0.90,8.9
410,Univ Texas - San Antonio,United States,1114,5.05,0.94,8.9
411,Natl Tsing Hua Univ,Taiwan,3381,4.86,0.90,8.9
412,Loughborough Univ,United Kingdom,2118,4.01,0.94,8.9
413,Univ Padova,Italy,5820,5.10,0.93,8.9
414,Soochow Univ,China,3035,5.44,0.92,8.9
415,Griffith Univ,Australia,2086,4.02,0.92,8.8
416,Florida Intl Univ,United States,1497,4.28,0.92,8.8
417,Northeastern Univ - China,China,1546,3.26,0.88,8.8
418,Indian Inst Technol Roorkee,India,1446,4.12,0.96,8.7
419,Univ Bologna,Italy,5732,5.01,0.91,8.7
420,Massey Univ,New Zealand,1626,4.21,0.89,8.7
421,Univ Guelph,Canada,3077,4.53,0.89,8.7
422,Tech Univ Graz,Austria,1048,4.63,0.92,8.7
423,Kyoto Univ,Japan,11358,5.79,0.90,8.6
424,Mem Univ Newfoundland,Canada,1458,4.08,0.88,8.6
425,Harbin Inst Technol,China,6047,3.65,0.91,8.6
426,King Abdulaziz Univ,Saudi Arabia,1153,2.96,0.86,8.6
427,S E Univ,China,4068,4.17,0.91,8.6
428,Univ Valencia,Spain,3534,5.33,0.93,8.6
429,Nanjing Univ Aeronaut & Astronaut,China,1599,3.78,0.90,8.6
430,Univ Parma,Italy,1734,4.81,0.93,8.6
431,Univ Málaga,Spain,1330,3.64,0.83,8.6
432,Univ Torino,Italy,3994,5.65,0.93,8.6
433,Univ Lorraine,France,3044,4.25,0.91,8.5
434,Univ Jyväskylä,Finland,1392,4.62,0.95,8.5
435,Med Univ Graz,Austria,1302,5.57,0.91,8.5
436,Univ Porto,Portugal,4450,4.50,0.91,8.5
437,Univ Poitiers,France,1165,4.34,0.91,8.5
438,Louisiana State Univ,United States,3420,4.32,0.88,8.5
439,Shanghai Univ,China,2630,4.13,0.84,8.5
440,Univ Bremen,Germany,1464,4.44,0.92,8.5
441,Univ Santiago de Compostela,Spain,2775,4.92,0.92,8.5
442,Kansas State Univ,United States,2311,4.57,0.91,8.5
443,Swansea Univ,United Kingdom,1464,4.12,0.91,8.4
444,Univ Toledo,United States,1340,4.71,0.87,8.4
445,Carleton Univ,Canada,1677,3.74,0.91,8.4
446,Univ Aveiro,Portugal,2288,4.50,0.92,8.4
447,Royal Melbourne Inst Technol,Australia,1356,3.93,0.89,8.4
448,Univ Granada,Spain,3519,4.12,0.88,8.4
449,Concordia Univ,Canada,1682,3.61,0.89,8.4
450,Univ Ioannina,Greece,1430,4.76,0.95,8.4
451,Loyola Univ Chicago,United States,1219,5.21,0.93,8.4
452,Univ Politecnica Marche,Italy,1194,4.74,0.97,8.4
453,Sun Yat-sen Univ,China,6725,5.35,0.89,8.4
454,Natl Tech Univ Athens,Greece,2053,3.56,0.91,8.4
455,Univ Navarra,Spain,1282,6.00,0.90,8.3
456,Gwangju Inst Sci & Technol,South Korea,1372,5.64,0.90,8.3
457,Univ Texas - Arlington,United States,1367,4.11,0.89,8.3
458,Otto-von-Guericke Univ Magdeburg,Germany,1373,4.84,0.88,8.3
459,Martin Luther Univ Halle-Wittenberg,Germany,1930,5.21,0.91,8.3
460,Beijing Normal Univ,China,2548,4.05,0.85,8.3
461,Amirkabir Univ Technol,Iran,2447,2.62,0.85,8.3
462,Natl Chiao Tung Univ,Taiwan,3980,4.32,0.87,8.3
463,Univ Zaragoza,Spain,2874,4.38,0.92,8.3
464,Zhejiang Univ,China,12342,4.85,0.88,8.3
465,Tianjin Univ,China,3472,4.26,0.88,8.2
466,La Trobe Univ,Australia,1408,4.03,0.87,8.2
467,Univ Arkansas - Fayetteville,United States,1493,3.97,0.85,8.2
468,Zhejiang Normal Univ,China,1019,3.44,0.88,8.2
469,Wuhan Univ,China,4291,5.48,0.91,8.2
470,S W Univ,China,1388,4.31,0.83,8.2
471,Beihang Univ,China,2899,2.78,0.90,8.2
472,Univ Mississippi,United States,1798,4.78,0.92,8.1
473,Univ Alicante,Spain,1364,5.32,0.87,8.1
474,Univ Pisa,Italy,3618,4.72,0.89,8.1
475,Univ Oulu,Finland,1921,4.62,0.89,8.1
476,Tech Univ Dortmund,Germany,1370,4.85,0.87,8.1
477,Univ Missouri - Kansas City,United States,1040,4.66,0.84,8.1
478,Queensland Univ Technol,Australia,2227,4.09,0.88,8.1
479,Osaka Univ,Japan,9001,6.04,0.86,8.0
480,Jilin Univ,China,5802,4.94,0.85,8.0
481,Stellenbosch Univ,South Africa,1826,4.31,0.88,8.0
482,Univ Tampere,Finland,1280,5.31,0.86,8.0
483,Brigham Young Univ,United States,1814,3.82,0.89,8.0
484,Nagoya Univ,Japan,5349,5.23,0.85,8.0
485,Univ Nantes,France,1553,4.92,0.86,8.0
486,Second Univ Naples,Italy,1394,4.60,0.84,8.0
487,Shanghai Jiao Tong Univ,China,11164,4.43,0.87,7.9
488,Ohio Univ,United States,1069,4.50,0.86,7.9
489,Univ Cattolica Sacro Cuore,Italy,2527,4.86,0.86,7.9
490,Univ Politècnica Catalunya,Spain,2959,3.01,0.86,7.9
491,Univ Alabama - Tuscaloosa,United States,1400,4.15,0.92,7.9
492,Univ Tabriz,Iran,1018,3.46,0.79,7.9
493,Univ Seville,Spain,2961,3.98,0.86,7.9
494,Univ Modena & Reggio Emilia,Italy,1661,5.06,0.91,7.9
495,W Virginia Univ,United States,2045,4.90,0.88,7.9
496,Complutense Univ,Spain,4244,4.37,0.84,7.8
497,Oklahoma State Univ - Stillwater,United States,1775,3.92,0.87,7.8
498,Univ Catania,Italy,2182,3.85,0.82,7.7
499,Tel Aviv Univ,Israel,7181,4.91,0.85,7.7
500,Sapienza Univ Roma,Italy,6876,4.61,0.85,7.7
501,Istanbul Tech Univ,Turkey,1525,3.73,0.84,7.7
502,Univ Cantabria,Spain,1051,3.76,0.82,7.6
503,Bar-Ilan Univ,Israel,1958,4.58,0.86,7.6
504,Indian Inst Technol Delhi,India,1958,3.70,0.84,7.6
505,Univ Genoa,Italy,2488,4.69,0.84,7.6
506,Aristotle Univ Thessaloniki,Greece,4103,3.93,0.84,7.6
507,Univ Lisbon,Portugal,5252,4.03,0.87,7.6
508,Univ Naples Federico II,Italy,4268,4.39,0.85,7.6
509,Univ N Carolina - Charlotte,United States,1045,3.58,0.80,7.6
510,Nanjing Normal Univ,China,1020,3.82,0.79,7.6
511,Univ Tartu,Estonia,1473,4.34,0.78,7.5
512,Natl Taiwan Univ,Taiwan,9226,4.67,0.88,7.5
513,Univ Coimbra,Portugal,2399,4.25,0.84,7.5
514,Victoria Univ Wellington,New Zealand,1241,4.15,0.94,7.5
515,Univ Roma Tor Vergata,Italy,2619,4.58,0.83,7.5
516,China Univ Geosci,China,1346,3.43,0.83,7.5
517,Texas Tech Univ,United States,2268,4.21,0.83,7.5
518,Isfahan Univ Technol,Iran,1676,3.47,0.84,7.5
519,Flinders Univ,Australia,1598,4.47,0.87,7.4
520,Seoul Natl Univ,South Korea,12114,5.18,0.87,7.4
521,Indian Inst Technol Guwahati,India,1173,4.16,0.80,7.4
522,Univ Canterbury,New Zealand,1349,3.82,0.84,7.4
523,Univ Mediterranea Reggio Calabria,Italy,1758,3.75,0.85,7.4
524,S China Normal Univ,China,1555,4.01,0.79,7.4
525,Natl Univ Defense Technol,China,1479,2.10,0.78,7.4
526,Iran Univ Sci & Technol,Iran,1884,2.84,0.85,7.4
527,Univ Windsor,Canada,1076,3.61,0.82,7.4
528,E Carolina Univ,United States,1145,4.53,0.81,7.4
529,Univ N Texas,United States,1451,3.92,0.86,7.4
530,Tech Univ Madrid,Spain,2278,2.72,0.81,7.3
531,Univ Electron Sci & Technol China,China,2517,2.57,0.82,7.3
532,Huazhong Univ Sci & Technol,China,6312,3.84,0.81,7.3
533,Auburn Univ,United States,2360,3.48,0.80,7.3
534,Univ Basque Country,Spain,2760,4.27,0.83,7.3
535,Univ Sci Malaysia,Malaysia,3295,3.63,0.74,7.3
536,Univ Bari Aldo Moro,Italy,2226,4.52,0.77,7.3
537,Chongqing Univ,China,2205,2.93,0.78,7.3
538,Sharif Univ Technol,Iran,2441,3.61,0.83,7.2
539,Univ Franche-Comté,France,1062,3.53,0.80,7.2
540,Eötvös Loránd Univ,Hungary,1198,3.70,0.82,7.2
541,Semmelweis Univ Budapest,Hungary,1197,5.10,0.79,7.2
542,Natl Chung Hsing Univ,Taiwan,2298,4.19,0.80,7.2
543,Adv Inst Sci & Technol,Japan,4682,5.67,0.83,7.2
544,Univ Ljubljana,Slovenia,3250,3.50,0.79,7.2
545,Ben-Gurion Univ Negev,Israel,3559,3.78,0.77,7.2
546,Shandong Univ,China,6393,4.53,0.82,7.2
547,Nanjing Agr Univ,China,1762,4.06,0.82,7.2
548,Natl & Kapodistrian Univ Athens,Greece,4852,4.63,0.80,7.1
549,Ryerson Univ,Canada,1092,2.71,0.79,7.1
550,Univ Nevada - Las Vegas,United States,1101,3.84,0.81,7.1
551,Sichuan Univ,China,7445,4.27,0.78,7.1
552,Univ Salamanca,Spain,1398,4.34,0.81,7.1
553,Univ Sci & Technol Beijing,China,1815,3.29,0.86,7.1
554,Chung Yuan Christian Univ,Taiwan,1013,3.70,0.76,7.1
555,Univ La Laguna,Spain,1132,4.37,0.84,7.0
556,Zhejiang Univ Technol,China,1247,3.73,0.85,7.0
557,King Saud Univ,Saudi Arabia,2765,3.09,0.76,7.0
558,Beijing Jiaotong Univ,China,1032,2.39,0.73,7.0
559,Second Mil Med Univ,China,2057,5.13,0.79,7.0
560,Tokyo Med & Dent Univ,Japan,1627,6.19,0.81,6.9
561,Budapest Univ Technol & Econ,Hungary,1121,3.21,0.81,6.9
562,American Univ Beirut,Lebanon,1022,3.62,0.74,6.9
563,Univ Murcia,Spain,1840,3.84,0.81,6.9
564,Univ Kebangsaan Malaysia,Malaysia,1353,3.13,0.76,6.9
565,Georgia State Univ,United States,1685,3.90,0.83,6.9
566,Univ Tehran,Iran,3486,2.87,0.75,6.9
567,Natl Taiwan Univ Sci & Technol,Taiwan,1854,2.73,0.74,6.9
568,China Agr Univ,China,2951,3.90,0.76,6.9
569,Sungkyunkwan Univ,South Korea,5175,5.10,0.81,6.9
570,Middle E Tech Univ,Turkey,1955,3.61,0.77,6.8
571,Univ Ulsan,South Korea,2790,4.60,0.80,6.8
572,Huazhong Agr Univ,China,1832,4.37,0.82,6.8
573,Xiangtan Univ,China,1021,4.30,0.85,6.8
574,Banaras Hindu Univ,India,2259,3.82,0.76,6.8
575,Univ Witwatersrand,South Africa,1794,3.85,0.79,6.8
576,Panjab Univ,India,1055,4.04,0.76,6.8
577,Fourth Mil Med Univ China,China,2239,4.59,0.77,6.8
578,Univ Saskatchewan,Canada,3110,3.87,0.77,6.8
579,Tohoku Univ,Japan,8980,4.21,0.77,6.8
580,Yonsei Univ,South Korea,7598,4.34,0.78,6.7
581,Mansoura Univ,Egypt,1203,3.13,0.73,6.7
582,Univ Palermo,Italy,2443,4.24,0.78,6.7
583,Univ Messina,Italy,1609,3.81,0.77,6.7
584,Anna Univ,India,1012,3.46,0.83,6.7
585,Jiangsu Univ,China,1494,3.78,0.78,6.6
586,Cent S Univ,China,4420,3.80,0.79,6.6
587,Univ Siena,Italy,1799,4.53,0.80,6.6
588,Univ Patras,Greece,2118,4.02,0.78,6.6
589,Univ Oviedo,Spain,2108,4.26,0.79,6.6
590,Indian Inst Sci,India,3631,4.75,0.79,6.6
591,Erciyes Univ,Turkey,1242,3.42,0.80,6.6
592,Univ New Brunswick,Canada,1075,3.21,0.76,6.6
593,Northwestern Polytech Univ,China,2150,2.49,0.78,6.5
594,Univ Cagliari,Italy,1462,4.23,0.79,6.5
595,China Med Univ - Taiwan,Taiwan,1858,4.38,0.80,6.5
596,Univ Warsaw,Poland,1875,3.75,0.73,6.5
597,Kyung Hee Univ,South Korea,3709,3.84,0.75,6.5
598,Indian Inst Technol Kharagpur,India,2933,3.86,0.78,6.5
599,Tokyo Inst Technol,Japan,4791,4.44,0.73,6.5
600,Gyeongsang Natl Univ,South Korea,1496,4.09,0.74,6.4
601,Indian Inst Technol Madras,India,2268,3.87,0.75,6.4
602,Univ Puerto Rico,United States,1342,4.96,0.78,6.4
603,Southern Illinois Univ - Carbondale,United States,1094,3.71,0.75,6.4
604,Kanazawa Univ,Japan,1970,4.83,0.77,6.4
605,Natl Taipei Univ Technol,Taiwan,1161,3.35,0.73,6.4
606,Tongji Univ,China,3638,3.78,0.76,6.4
607,Pontificia Univ Católica Chile,Chile,1506,4.11,0.78,6.3
608,Univ Chile,Chile,2068,3.89,0.78,6.3
609,Natl Cheng Kung Univ,Taiwan,6129,3.72,0.77,6.3
610,Pukyong Natl Univ,South Korea,1039,3.19,0.67,6.3
611,Natl Cent Univ,Taiwan,2207,3.18,0.76,6.3
612,North Dakota State Univ,United States,1211,3.67,0.77,6.3
613,Univ Castile-La Mancha,Spain,1604,3.84,0.84,6.3
614,Xi'an Jiaotong Univ,China,5278,3.22,0.75,6.2
615,Tokyo Univ Sci,Japan,1725,5.14,0.72,6.2
616,Inha Univ,South Korea,2414,3.98,0.70,6.2
617,Shahid Beheshti Univ,Iran,1246,2.82,0.68,6.1
618,Keio Univ,Japan,3228,4.79,0.73,6.1
619,Korea Univ,South Korea,5446,4.32,0.76,6.1
620,Tarbiat Modares Univ,Iran,2170,3.49,0.74,6.1
621,Indian Inst Technol Bombay,India,1968,3.66,0.78,6.1
622,Beijing Univ Technol,China,1217,3.15,0.76,6.1
623,Univ Haifa,Israel,1469,3.08,0.71,6.0
624,Wrocław Univ Technol,Poland,1264,2.64,0.69,6.0
625,Univ Delhi,India,1847,3.62,0.72,6.0
626,Yokohama City Univ,Japan,1069,4.67,0.70,6.0
627,Ocean Univ China,China,1483,3.55,0.74,6.0
628,Chungbuk Natl Univ,South Korea,1125,3.71,0.68,5.9
629,Aligarh Muslim Univ,India,1113,3.06,0.72,5.9
630,Nanchang Univ,China,1078,3.48,0.70,5.9
631,Palacký Univ Olomouc,Czech Republic,1041,4.27,0.70,5.9
632,Natl Yang Ming Univ,Taiwan,2588,4.51,0.73,5.9
633,Nanjing Univ Technol,China,1524,4.37,0.75,5.9
634,Chiba Univ,Japan,2489,4.34,0.70,5.9
635,Jadavpur Univ,India,1473,3.62,0.76,5.9
636,Kobe Univ,Japan,2622,4.30,0.69,5.9
637,Putra Univ Malaysia,Malaysia,2183,2.71,0.69,5.8
638,Hanyang Univ,South Korea,3993,3.73,0.68,5.8
639,Kyushu Univ,Japan,6199,4.35,0.71,5.8
640,Shaanxi Normal Univ,China,1071,4.04,0.69,5.8
641,Taipei Med Univ,Taiwan,1330,3.75,0.73,5.8
642,Mississippi State Univ,United States,1612,3.17,0.75,5.8
643,Univ KwaZulu-Natal,South Africa,1689,3.06,0.71,5.8
644,Univ Extremadura,Spain,1196,3.63,0.78,5.8
645,Univ Malaya,Malaysia,3281,2.62,0.66,5.8
646,Univ Tsukuba,Japan,3329,4.15,0.72,5.8
647,Mahidol Univ,Thailand,2013,4.17,0.73,5.7
648,Fed Univ Rio de Janeiro,Brazil,3731,3.43,0.69,5.7
649,Univ Fed Santa Catarina,Brazil,1609,3.50,0.74,5.7
650,Univ Fed Ceará,Brazil,1056,3.15,0.70,5.7
651,China Pharmaceut Univ,China,1289,3.92,0.74,5.7
652,Indian Inst Technol Kanpur,India,1708,3.59,0.70,5.7
653,Univ Valladolid,Spain,1291,3.32,0.73,5.7
654,Selçuk Univ,Turkey,1292,2.93,0.66,5.6
655,Nicholas Copernicus Univ Torun,Poland,1022,3.33,0.67,5.6
656,Hokkaido Univ,Japan,6029,4.28,0.70,5.6
657,Chulalongkorn Univ,Thailand,2169,4.02,0.71,5.6
658,Chang Gung Univ,Taiwan,3781,4.02,0.74,5.6
659,Masaryk Univ - Brno,Czech Republic,1353,3.62,0.68,5.6
660,Univ Alexandria,Egypt,1025,3.19,0.73,5.5
661,Taiwan Chung Cheng Univ,Taiwan,1157,3.00,0.68,5.5
662,Hiroshima Univ,Japan,3088,4.16,0.68,5.5
663,King Fahd Univ Petrol & Minerals,Saudi Arabia,1197,2.62,0.72,5.4
664,Zhengzhou Univ,China,1767,3.65,0.67,5.4
665,Gazi Univ,Turkey,1738,3.08,0.67,5.4
666,Ajou Univ,South Korea,1496,3.98,0.69,5.4
667,Jagiellonian Univ - Krakow,Poland,2587,3.69,0.67,5.4
668,Natl Sun-Yat Sen Univ,Taiwan,1996,3.03,0.72,5.4
669,Ferdowsi Univ Mashhad,Iran,1218,2.45,0.65,5.4
670,Nanjing Med Univ,China,1993,4.99,0.74,5.3
671,Kinki Univ,Japan,1404,4.20,0.65,5.3
672,Kaohsiung Med Univ,Taiwan,1907,3.90,0.69,5.3
673,Jinan Univ,China,1223,3.45,0.67,5.3
674,Okayama Univ,Japan,2690,4.29,0.68,5.2
675,Dokuz Eylül Univ,Turkey,1208,3.17,0.70,5.2
676,N W A&F Univ,China,1344,2.99,0.65,5.2
677,Shiraz Univ,Iran,1566,3.11,0.66,5.2
678,Univ São Paulo,Brazil,12319,3.59,0.67,5.1
679,Waseda Univ,Japan,1931,3.27,0.61,5.1
680,Kyungpook Natl Univ,South Korea,2817,3.60,0.64,5.1
681,Univ Buenos Aires,Argentina,3438,3.90,0.69,5.0
682,Juntendo Univ,Japan,1184,4.84,0.66,5.0
683,Univ Pretoria,South Africa,1566,2.94,0.67,5.0
684,Kumamoto Univ,Japan,1702,4.40,0.67,5.0
685,Konkuk Univ,South Korea,2082,3.61,0.62,5.0
686,Chiang Mai Univ,Thailand,1157,3.39,0.65,5.0
687,China Med Univ,China,1790,3.73,0.66,5.0
688,Univ Fed Minas Gerais,Brazil,2712,3.44,0.66,5.0
689,Fed Univ Rio Grande do Sul,Brazil,3581,3.51,0.69,5.0
690,Univ Fed Pernambuco,Brazil,1335,2.59,0.63,5.0
691,Univ Fed São Carlos,Brazil,1205,3.29,0.68,4.9
692,Chongqing Med Univ,China,1082,3.62,0.65,4.9
693,Charles Univ Prague,Czech Republic,4640,3.58,0.69,4.9
694,Chonbuk Natl Univ,South Korea,2080,4.24,0.69,4.9
695,Sogang Univ,South Korea,1077,3.33,0.61,4.8
696,Pusan Natl Univ,South Korea,3042,3.57,0.65,4.8
697,Lomonosov Moscow State Univ,Russia,2888,3.17,0.61,4.8
698,Univ Debrecen,Hungary,1105,3.65,0.67,4.8
699,Comenius Univ - Bratislava,Slovakia,1113,3.23,0.66,4.7
700,Southern Med Univ,China,1016,3.93,0.69,4.7
701,Univ Toyama,Japan,1201,4.19,0.62,4.7
702,Gunma Univ,Japan,1249,4.00,0.61,4.7
703,Islamic Azad Univ,Iran,4779,1.99,0.59,4.7
704,State Univ Campinas,Brazil,4395,3.36,0.67,4.7
705,Chungnam Natl Univ,South Korea,1829,3.67,0.64,4.6
706,Fed Univ São Paulo,Brazil,2349,3.53,0.64,4.6
707,Univ Szeged,Hungary,1367,3.76,0.67,4.6
708,Fed Univ Paraná,Brazil,1309,2.95,0.62,4.6
709,Natl Univ La Plata,Argentina,1893,3.16,0.63,4.6
710,Osaka City Univ,Japan,1366,4.00,0.66,4.6
711,Ain Shams Univ,Egypt,1368,2.89,0.63,4.5
712,Warsaw Univ Technol,Poland,1229,2.82,0.62,4.5
713,Univ Brasília,Brazil,1146,2.78,0.64,4.5
714,Natl Autonomous Univ Mexico,Mexico,5706,3.37,0.63,4.5
715,Natl Univ Cordoba,Argentina,1167,3.14,0.63,4.5
716,Hacettepe Univ,Turkey,2202,3.11,0.62,4.4
717,Third Mil Med Univ,China,1707,4.33,0.68,4.4
718,Ege Univ,Turkey,2056,3.10,0.60,4.4
719,Univ Sfax,Tunisia,1154,2.75,0.63,4.4
720,Kitasato Univ,Japan,1271,3.59,0.62,4.4
721,Chonnam Natl Univ,South Korea,2670,3.74,0.64,4.3
722,Peking Union Med Coll,China,4467,3.79,0.64,4.2
723,Univ Belgrade,Serbia,3716,2.60,0.58,4.2
724,Shinsu Univ,Japan,1512,3.62,0.57,4.2
725,Cairo Univ,Egypt,2170,2.98,0.65,4.1
726,Ehime Univ,Japan,1279,3.81,0.64,4.1
727,AGH Univ Sci & Technol,Poland,1009,1.93,0.56,4.0
728,Atatürk Univ,Turkey,1262,2.73,0.58,4.0
729,Cath Univ Korea,South Korea,2310,3.67,0.63,4.0
730,Univ Wrocław,Poland,1244,2.62,0.58,4.0
731,Nagasaki Univ,Japan,1550,3.82,0.62,4.0
732,Capital Med Univ,China,2418,3.49,0.61,3.9
733,Univ Zagreb,Croatia,2565,2.88,0.58,3.9
734,Kangwon Natl Univ,South Korea,1243,3.28,0.58,3.8
735,Univ Tokushima,Japan,1413,3.95,0.60,3.8
736,Istanbul Univ,Turkey,2520,3.01,0.59,3.8
737,Tokyo Univ Agr & Technol,Japan,1550,3.30,0.52,3.7
738,Niigata Univ,Japan,1607,3.36,0.58,3.7
739,Chung Ang Univ,South Korea,1777,2.88,0.62,3.7
740,Osaka Prefect Univ,Japan,1243,3.17,0.54,3.7
741,Adam Mickiewicz Univ - Poznań,Poland,1516,2.36,0.51,3.5
742,Gifu Univ,Japan,1317,3.33,0.53,3.5
743,Univ Estadual Paulista,Brazil,4008,2.62,0.54,3.5
744,All India Inst Med Sci,India,1956,3.08,0.54,3.5
745,Postgrad Inst Med Educ & Res,India,1082,2.85,0.50,3.3
746,Tehran Univ Med Sci,Iran,2292,2.94,0.56,3.3
747,Nihon Univ,Japan,2002,2.98,0.54,3.1
748,Kagoshima Univ,Japan,1260,3.31,0.54,3.1
749,Yamaguchi Univ,Japan,1133,3.31,0.53,2.7
750,Ankara Univ,Turkey,1592,2.45,0.47,2.6
